<?xml version="1.0" encoding="UTF-8"?>
<root>
  <item name="com.google.android.exoplayer2.source.rtp.rtcp.RtcpPacket int getPayloadType()">
    <annotation name="android.support.annotation.IntDef">
      <val name="value" val="{com.google.android.exoplayer2.source.rtp.rtcp.RtcpPacket.FIR, com.google.android.exoplayer2.source.rtp.rtcp.RtcpPacket.NACK, com.google.android.exoplayer2.source.rtp.rtcp.RtcpPacket.SMPTECT, com.google.android.exoplayer2.source.rtp.rtcp.RtcpPacket.IJ, com.google.android.exoplayer2.source.rtp.rtcp.RtcpPacket.SR, com.google.android.exoplayer2.source.rtp.rtcp.RtcpPacket.RR, com.google.android.exoplayer2.source.rtp.rtcp.RtcpPacket.SDES, com.google.android.exoplayer2.source.rtp.rtcp.RtcpPacket.BYE, com.google.android.exoplayer2.source.rtp.rtcp.RtcpPacket.APP, com.google.android.exoplayer2.source.rtp.rtcp.RtcpPacket.RTPFB, com.google.android.exoplayer2.source.rtp.rtcp.RtcpPacket.PSFB, com.google.android.exoplayer2.source.rtp.rtcp.RtcpPacket.XR, com.google.android.exoplayer2.source.rtp.rtcp.RtcpPacket.TOKEN, com.google.android.exoplayer2.source.rtp.rtcp.RtcpPacket.AVB, com.google.android.exoplayer2.source.rtp.rtcp.RtcpPacket.RSI, com.google.android.exoplayer2.source.rtp.rtcp.RtcpPacket.COMPOUND}" />
    </annotation>
  </item>
  <item name="com.google.android.exoplayer2.source.rtp.rtcp.RtcpPacket payloadType">
    <annotation name="android.support.annotation.IntDef">
      <val name="value" val="{com.google.android.exoplayer2.source.rtp.rtcp.RtcpPacket.FIR, com.google.android.exoplayer2.source.rtp.rtcp.RtcpPacket.NACK, com.google.android.exoplayer2.source.rtp.rtcp.RtcpPacket.SMPTECT, com.google.android.exoplayer2.source.rtp.rtcp.RtcpPacket.IJ, com.google.android.exoplayer2.source.rtp.rtcp.RtcpPacket.SR, com.google.android.exoplayer2.source.rtp.rtcp.RtcpPacket.RR, com.google.android.exoplayer2.source.rtp.rtcp.RtcpPacket.SDES, com.google.android.exoplayer2.source.rtp.rtcp.RtcpPacket.BYE, com.google.android.exoplayer2.source.rtp.rtcp.RtcpPacket.APP, com.google.android.exoplayer2.source.rtp.rtcp.RtcpPacket.RTPFB, com.google.android.exoplayer2.source.rtp.rtcp.RtcpPacket.PSFB, com.google.android.exoplayer2.source.rtp.rtcp.RtcpPacket.XR, com.google.android.exoplayer2.source.rtp.rtcp.RtcpPacket.TOKEN, com.google.android.exoplayer2.source.rtp.rtcp.RtcpPacket.AVB, com.google.android.exoplayer2.source.rtp.rtcp.RtcpPacket.RSI, com.google.android.exoplayer2.source.rtp.rtcp.RtcpPacket.COMPOUND}" />
    </annotation>
  </item>
  <item name="com.google.android.exoplayer2.source.rtp.rtcp.RtcpPacket.Builder Builder(int) 0">
    <annotation name="android.support.annotation.IntDef">
      <val name="value" val="{com.google.android.exoplayer2.source.rtp.rtcp.RtcpPacket.FIR, com.google.android.exoplayer2.source.rtp.rtcp.RtcpPacket.NACK, com.google.android.exoplayer2.source.rtp.rtcp.RtcpPacket.SMPTECT, com.google.android.exoplayer2.source.rtp.rtcp.RtcpPacket.IJ, com.google.android.exoplayer2.source.rtp.rtcp.RtcpPacket.SR, com.google.android.exoplayer2.source.rtp.rtcp.RtcpPacket.RR, com.google.android.exoplayer2.source.rtp.rtcp.RtcpPacket.SDES, com.google.android.exoplayer2.source.rtp.rtcp.RtcpPacket.BYE, com.google.android.exoplayer2.source.rtp.rtcp.RtcpPacket.APP, com.google.android.exoplayer2.source.rtp.rtcp.RtcpPacket.RTPFB, com.google.android.exoplayer2.source.rtp.rtcp.RtcpPacket.PSFB, com.google.android.exoplayer2.source.rtp.rtcp.RtcpPacket.XR, com.google.android.exoplayer2.source.rtp.rtcp.RtcpPacket.TOKEN, com.google.android.exoplayer2.source.rtp.rtcp.RtcpPacket.AVB, com.google.android.exoplayer2.source.rtp.rtcp.RtcpPacket.RSI, com.google.android.exoplayer2.source.rtp.rtcp.RtcpPacket.COMPOUND}" />
    </annotation>
  </item>
  <item name="com.google.android.exoplayer2.source.rtp.rtcp.RtcpPacket.Builder payloadType">
    <annotation name="android.support.annotation.IntDef">
      <val name="value" val="{com.google.android.exoplayer2.source.rtp.rtcp.RtcpPacket.FIR, com.google.android.exoplayer2.source.rtp.rtcp.RtcpPacket.NACK, com.google.android.exoplayer2.source.rtp.rtcp.RtcpPacket.SMPTECT, com.google.android.exoplayer2.source.rtp.rtcp.RtcpPacket.IJ, com.google.android.exoplayer2.source.rtp.rtcp.RtcpPacket.SR, com.google.android.exoplayer2.source.rtp.rtcp.RtcpPacket.RR, com.google.android.exoplayer2.source.rtp.rtcp.RtcpPacket.SDES, com.google.android.exoplayer2.source.rtp.rtcp.RtcpPacket.BYE, com.google.android.exoplayer2.source.rtp.rtcp.RtcpPacket.APP, com.google.android.exoplayer2.source.rtp.rtcp.RtcpPacket.RTPFB, com.google.android.exoplayer2.source.rtp.rtcp.RtcpPacket.PSFB, com.google.android.exoplayer2.source.rtp.rtcp.RtcpPacket.XR, com.google.android.exoplayer2.source.rtp.rtcp.RtcpPacket.TOKEN, com.google.android.exoplayer2.source.rtp.rtcp.RtcpPacket.AVB, com.google.android.exoplayer2.source.rtp.rtcp.RtcpPacket.RSI, com.google.android.exoplayer2.source.rtp.rtcp.RtcpPacket.COMPOUND}" />
    </annotation>
  </item>
  <item name="com.google.android.exoplayer2.source.rtp.rtcp.RtcpPacket.PacketType">
    <annotation name="android.support.annotation.IntDef">
      <val name="value" val="{com.google.android.exoplayer2.source.rtp.rtcp.RtcpPacket.FIR, com.google.android.exoplayer2.source.rtp.rtcp.RtcpPacket.NACK, com.google.android.exoplayer2.source.rtp.rtcp.RtcpPacket.SMPTECT, com.google.android.exoplayer2.source.rtp.rtcp.RtcpPacket.IJ, com.google.android.exoplayer2.source.rtp.rtcp.RtcpPacket.SR, com.google.android.exoplayer2.source.rtp.rtcp.RtcpPacket.RR, com.google.android.exoplayer2.source.rtp.rtcp.RtcpPacket.SDES, com.google.android.exoplayer2.source.rtp.rtcp.RtcpPacket.BYE, com.google.android.exoplayer2.source.rtp.rtcp.RtcpPacket.APP, com.google.android.exoplayer2.source.rtp.rtcp.RtcpPacket.RTPFB, com.google.android.exoplayer2.source.rtp.rtcp.RtcpPacket.PSFB, com.google.android.exoplayer2.source.rtp.rtcp.RtcpPacket.XR, com.google.android.exoplayer2.source.rtp.rtcp.RtcpPacket.TOKEN, com.google.android.exoplayer2.source.rtp.rtcp.RtcpPacket.AVB, com.google.android.exoplayer2.source.rtp.rtcp.RtcpPacket.RSI, com.google.android.exoplayer2.source.rtp.rtcp.RtcpPacket.COMPOUND}" />
    </annotation>
  </item>
  <item name="com.google.android.exoplayer2.source.rtp.rtcp.RtcpSdesItem int getType()">
    <annotation name="android.support.annotation.IntDef">
      <val name="value" val="{com.google.android.exoplayer2.source.rtp.rtcp.RtcpSdesItem.END, com.google.android.exoplayer2.source.rtp.rtcp.RtcpSdesItem.CNAME, com.google.android.exoplayer2.source.rtp.rtcp.RtcpSdesItem.NAME, com.google.android.exoplayer2.source.rtp.rtcp.RtcpSdesItem.EMAIL, com.google.android.exoplayer2.source.rtp.rtcp.RtcpSdesItem.PHONE, com.google.android.exoplayer2.source.rtp.rtcp.RtcpSdesItem.LOC, com.google.android.exoplayer2.source.rtp.rtcp.RtcpSdesItem.TOOL, com.google.android.exoplayer2.source.rtp.rtcp.RtcpSdesItem.NOTE, com.google.android.exoplayer2.source.rtp.rtcp.RtcpSdesItem.PRIV}" />
    </annotation>
  </item>
  <item name="com.google.android.exoplayer2.source.rtp.rtcp.RtcpSdesItem type">
    <annotation name="android.support.annotation.IntDef">
      <val name="value" val="{com.google.android.exoplayer2.source.rtp.rtcp.RtcpSdesItem.END, com.google.android.exoplayer2.source.rtp.rtcp.RtcpSdesItem.CNAME, com.google.android.exoplayer2.source.rtp.rtcp.RtcpSdesItem.NAME, com.google.android.exoplayer2.source.rtp.rtcp.RtcpSdesItem.EMAIL, com.google.android.exoplayer2.source.rtp.rtcp.RtcpSdesItem.PHONE, com.google.android.exoplayer2.source.rtp.rtcp.RtcpSdesItem.LOC, com.google.android.exoplayer2.source.rtp.rtcp.RtcpSdesItem.TOOL, com.google.android.exoplayer2.source.rtp.rtcp.RtcpSdesItem.NOTE, com.google.android.exoplayer2.source.rtp.rtcp.RtcpSdesItem.PRIV}" />
    </annotation>
  </item>
  <item name="com.google.android.exoplayer2.source.rtp.rtcp.RtcpSdesItem.Builder com.google.android.exoplayer2.source.rtp.rtcp.RtcpSdesItem.Builder setType(int) 0">
    <annotation name="android.support.annotation.IntDef">
      <val name="value" val="{com.google.android.exoplayer2.source.rtp.rtcp.RtcpSdesItem.END, com.google.android.exoplayer2.source.rtp.rtcp.RtcpSdesItem.CNAME, com.google.android.exoplayer2.source.rtp.rtcp.RtcpSdesItem.NAME, com.google.android.exoplayer2.source.rtp.rtcp.RtcpSdesItem.EMAIL, com.google.android.exoplayer2.source.rtp.rtcp.RtcpSdesItem.PHONE, com.google.android.exoplayer2.source.rtp.rtcp.RtcpSdesItem.LOC, com.google.android.exoplayer2.source.rtp.rtcp.RtcpSdesItem.TOOL, com.google.android.exoplayer2.source.rtp.rtcp.RtcpSdesItem.NOTE, com.google.android.exoplayer2.source.rtp.rtcp.RtcpSdesItem.PRIV}" />
    </annotation>
  </item>
  <item name="com.google.android.exoplayer2.source.rtp.rtcp.RtcpSdesItem.Builder type">
    <annotation name="android.support.annotation.IntDef">
      <val name="value" val="{com.google.android.exoplayer2.source.rtp.rtcp.RtcpSdesItem.END, com.google.android.exoplayer2.source.rtp.rtcp.RtcpSdesItem.CNAME, com.google.android.exoplayer2.source.rtp.rtcp.RtcpSdesItem.NAME, com.google.android.exoplayer2.source.rtp.rtcp.RtcpSdesItem.EMAIL, com.google.android.exoplayer2.source.rtp.rtcp.RtcpSdesItem.PHONE, com.google.android.exoplayer2.source.rtp.rtcp.RtcpSdesItem.LOC, com.google.android.exoplayer2.source.rtp.rtcp.RtcpSdesItem.TOOL, com.google.android.exoplayer2.source.rtp.rtcp.RtcpSdesItem.NOTE, com.google.android.exoplayer2.source.rtp.rtcp.RtcpSdesItem.PRIV}" />
    </annotation>
  </item>
  <item name="com.google.android.exoplayer2.source.rtp.rtcp.RtcpSdesItem.ItemType">
    <annotation name="android.support.annotation.IntDef">
      <val name="value" val="{com.google.android.exoplayer2.source.rtp.rtcp.RtcpSdesItem.END, com.google.android.exoplayer2.source.rtp.rtcp.RtcpSdesItem.CNAME, com.google.android.exoplayer2.source.rtp.rtcp.RtcpSdesItem.NAME, com.google.android.exoplayer2.source.rtp.rtcp.RtcpSdesItem.EMAIL, com.google.android.exoplayer2.source.rtp.rtcp.RtcpSdesItem.PHONE, com.google.android.exoplayer2.source.rtp.rtcp.RtcpSdesItem.LOC, com.google.android.exoplayer2.source.rtp.rtcp.RtcpSdesItem.TOOL, com.google.android.exoplayer2.source.rtp.rtcp.RtcpSdesItem.NOTE, com.google.android.exoplayer2.source.rtp.rtcp.RtcpSdesItem.PRIV}" />
    </annotation>
  </item>
</root>

