<?xml version="1.0" encoding="UTF-8"?>
<root>
  <item name="com.google.android.exoplayer2.source.rtp.format.RtpPayloadFormat encoding">
    <annotation name="android.support.annotation.StringDef">
      <val name="value" val="{com.google.android.exoplayer2.source.rtp.format.RtpPayloadFormat.AC3, com.google.android.exoplayer2.source.rtp.format.RtpPayloadFormat.AMR, com.google.android.exoplayer2.source.rtp.format.RtpPayloadFormat.G722, com.google.android.exoplayer2.source.rtp.format.RtpPayloadFormat.EAC3, com.google.android.exoplayer2.source.rtp.format.RtpPayloadFormat.GSM, com.google.android.exoplayer2.source.rtp.format.RtpPayloadFormat.H261, com.google.android.exoplayer2.source.rtp.format.RtpPayloadFormat.H263, com.google.android.exoplayer2.source.rtp.format.RtpPayloadFormat.H264, com.google.android.exoplayer2.source.rtp.format.RtpPayloadFormat.H265, com.google.android.exoplayer2.source.rtp.format.RtpPayloadFormat.L16, com.google.android.exoplayer2.source.rtp.format.RtpPayloadFormat.MP2T, com.google.android.exoplayer2.source.rtp.format.RtpPayloadFormat.MP4ALATM, com.google.android.exoplayer2.source.rtp.format.RtpPayloadFormat.MPEG4GENERIC, com.google.android.exoplayer2.source.rtp.format.RtpPayloadFormat.MP4V_ES, com.google.android.exoplayer2.source.rtp.format.RtpPayloadFormat.MPA, com.google.android.exoplayer2.source.rtp.format.RtpPayloadFormat.MPV, com.google.android.exoplayer2.source.rtp.format.RtpPayloadFormat.PCMA, com.google.android.exoplayer2.source.rtp.format.RtpPayloadFormat.PCMU, com.google.android.exoplayer2.source.rtp.format.RtpPayloadFormat.PCMA_WB, com.google.android.exoplayer2.source.rtp.format.RtpPayloadFormat.PCMU_WB, com.google.android.exoplayer2.source.rtp.format.RtpPayloadFormat.OPUS, com.google.android.exoplayer2.source.rtp.format.RtpPayloadFormat.VP8, com.google.android.exoplayer2.source.rtp.format.RtpPayloadFormat.VP9}" />
    </annotation>
  </item>
  <item name="com.google.android.exoplayer2.source.rtp.format.RtpPayloadFormat int type()">
    <annotation name="android.support.annotation.IntDef">
      <val name="value" val="{com.google.android.exoplayer2.source.rtp.format.RtpPayloadFormat.AUDIO, com.google.android.exoplayer2.source.rtp.format.RtpPayloadFormat.VIDEO, com.google.android.exoplayer2.source.rtp.format.RtpPayloadFormat.DATA, com.google.android.exoplayer2.source.rtp.format.RtpPayloadFormat.TEXT, com.google.android.exoplayer2.source.rtp.format.RtpPayloadFormat.APPLICATION}" />
    </annotation>
  </item>
  <item name="com.google.android.exoplayer2.source.rtp.format.RtpPayloadFormat java.lang.String encoding()">
    <annotation name="android.support.annotation.StringDef">
      <val name="value" val="{com.google.android.exoplayer2.source.rtp.format.RtpPayloadFormat.AC3, com.google.android.exoplayer2.source.rtp.format.RtpPayloadFormat.AMR, com.google.android.exoplayer2.source.rtp.format.RtpPayloadFormat.G722, com.google.android.exoplayer2.source.rtp.format.RtpPayloadFormat.EAC3, com.google.android.exoplayer2.source.rtp.format.RtpPayloadFormat.GSM, com.google.android.exoplayer2.source.rtp.format.RtpPayloadFormat.H261, com.google.android.exoplayer2.source.rtp.format.RtpPayloadFormat.H263, com.google.android.exoplayer2.source.rtp.format.RtpPayloadFormat.H264, com.google.android.exoplayer2.source.rtp.format.RtpPayloadFormat.H265, com.google.android.exoplayer2.source.rtp.format.RtpPayloadFormat.L16, com.google.android.exoplayer2.source.rtp.format.RtpPayloadFormat.MP2T, com.google.android.exoplayer2.source.rtp.format.RtpPayloadFormat.MP4ALATM, com.google.android.exoplayer2.source.rtp.format.RtpPayloadFormat.MPEG4GENERIC, com.google.android.exoplayer2.source.rtp.format.RtpPayloadFormat.MP4V_ES, com.google.android.exoplayer2.source.rtp.format.RtpPayloadFormat.MPA, com.google.android.exoplayer2.source.rtp.format.RtpPayloadFormat.MPV, com.google.android.exoplayer2.source.rtp.format.RtpPayloadFormat.PCMA, com.google.android.exoplayer2.source.rtp.format.RtpPayloadFormat.PCMU, com.google.android.exoplayer2.source.rtp.format.RtpPayloadFormat.PCMA_WB, com.google.android.exoplayer2.source.rtp.format.RtpPayloadFormat.PCMU_WB, com.google.android.exoplayer2.source.rtp.format.RtpPayloadFormat.OPUS, com.google.android.exoplayer2.source.rtp.format.RtpPayloadFormat.VP8, com.google.android.exoplayer2.source.rtp.format.RtpPayloadFormat.VP9}" />
    </annotation>
  </item>
  <item name="com.google.android.exoplayer2.source.rtp.format.RtpPayloadFormat type">
    <annotation name="android.support.annotation.IntDef">
      <val name="value" val="{com.google.android.exoplayer2.source.rtp.format.RtpPayloadFormat.AUDIO, com.google.android.exoplayer2.source.rtp.format.RtpPayloadFormat.VIDEO, com.google.android.exoplayer2.source.rtp.format.RtpPayloadFormat.DATA, com.google.android.exoplayer2.source.rtp.format.RtpPayloadFormat.TEXT, com.google.android.exoplayer2.source.rtp.format.RtpPayloadFormat.APPLICATION}" />
    </annotation>
  </item>
  <item name="com.google.android.exoplayer2.source.rtp.format.RtpPayloadFormat void buildCodecData(java.lang.String) 0">
    <annotation name="android.support.annotation.StringDef">
      <val name="value" val="{com.google.android.exoplayer2.source.rtp.format.RtpPayloadFormat.AC3, com.google.android.exoplayer2.source.rtp.format.RtpPayloadFormat.AMR, com.google.android.exoplayer2.source.rtp.format.RtpPayloadFormat.G722, com.google.android.exoplayer2.source.rtp.format.RtpPayloadFormat.EAC3, com.google.android.exoplayer2.source.rtp.format.RtpPayloadFormat.GSM, com.google.android.exoplayer2.source.rtp.format.RtpPayloadFormat.H261, com.google.android.exoplayer2.source.rtp.format.RtpPayloadFormat.H263, com.google.android.exoplayer2.source.rtp.format.RtpPayloadFormat.H264, com.google.android.exoplayer2.source.rtp.format.RtpPayloadFormat.H265, com.google.android.exoplayer2.source.rtp.format.RtpPayloadFormat.L16, com.google.android.exoplayer2.source.rtp.format.RtpPayloadFormat.MP2T, com.google.android.exoplayer2.source.rtp.format.RtpPayloadFormat.MP4ALATM, com.google.android.exoplayer2.source.rtp.format.RtpPayloadFormat.MPEG4GENERIC, com.google.android.exoplayer2.source.rtp.format.RtpPayloadFormat.MP4V_ES, com.google.android.exoplayer2.source.rtp.format.RtpPayloadFormat.MPA, com.google.android.exoplayer2.source.rtp.format.RtpPayloadFormat.MPV, com.google.android.exoplayer2.source.rtp.format.RtpPayloadFormat.PCMA, com.google.android.exoplayer2.source.rtp.format.RtpPayloadFormat.PCMU, com.google.android.exoplayer2.source.rtp.format.RtpPayloadFormat.PCMA_WB, com.google.android.exoplayer2.source.rtp.format.RtpPayloadFormat.PCMU_WB, com.google.android.exoplayer2.source.rtp.format.RtpPayloadFormat.OPUS, com.google.android.exoplayer2.source.rtp.format.RtpPayloadFormat.VP8, com.google.android.exoplayer2.source.rtp.format.RtpPayloadFormat.VP9}" />
    </annotation>
  </item>
  <item name="com.google.android.exoplayer2.source.rtp.format.RtpPayloadFormat.Builder Builder(int) 0">
    <annotation name="android.support.annotation.IntDef">
      <val name="value" val="{com.google.android.exoplayer2.source.rtp.format.RtpPayloadFormat.AUDIO, com.google.android.exoplayer2.source.rtp.format.RtpPayloadFormat.VIDEO, com.google.android.exoplayer2.source.rtp.format.RtpPayloadFormat.DATA, com.google.android.exoplayer2.source.rtp.format.RtpPayloadFormat.TEXT, com.google.android.exoplayer2.source.rtp.format.RtpPayloadFormat.APPLICATION}" />
    </annotation>
  </item>
  <item name="com.google.android.exoplayer2.source.rtp.format.RtpPayloadFormat.Builder com.google.android.exoplayer2.source.rtp.format.RtpPayloadFormat.Builder encoding(java.lang.String) 0">
    <annotation name="android.support.annotation.StringDef">
      <val name="value" val="{com.google.android.exoplayer2.source.rtp.format.RtpPayloadFormat.AC3, com.google.android.exoplayer2.source.rtp.format.RtpPayloadFormat.AMR, com.google.android.exoplayer2.source.rtp.format.RtpPayloadFormat.G722, com.google.android.exoplayer2.source.rtp.format.RtpPayloadFormat.EAC3, com.google.android.exoplayer2.source.rtp.format.RtpPayloadFormat.GSM, com.google.android.exoplayer2.source.rtp.format.RtpPayloadFormat.H261, com.google.android.exoplayer2.source.rtp.format.RtpPayloadFormat.H263, com.google.android.exoplayer2.source.rtp.format.RtpPayloadFormat.H264, com.google.android.exoplayer2.source.rtp.format.RtpPayloadFormat.H265, com.google.android.exoplayer2.source.rtp.format.RtpPayloadFormat.L16, com.google.android.exoplayer2.source.rtp.format.RtpPayloadFormat.MP2T, com.google.android.exoplayer2.source.rtp.format.RtpPayloadFormat.MP4ALATM, com.google.android.exoplayer2.source.rtp.format.RtpPayloadFormat.MPEG4GENERIC, com.google.android.exoplayer2.source.rtp.format.RtpPayloadFormat.MP4V_ES, com.google.android.exoplayer2.source.rtp.format.RtpPayloadFormat.MPA, com.google.android.exoplayer2.source.rtp.format.RtpPayloadFormat.MPV, com.google.android.exoplayer2.source.rtp.format.RtpPayloadFormat.PCMA, com.google.android.exoplayer2.source.rtp.format.RtpPayloadFormat.PCMU, com.google.android.exoplayer2.source.rtp.format.RtpPayloadFormat.PCMA_WB, com.google.android.exoplayer2.source.rtp.format.RtpPayloadFormat.PCMU_WB, com.google.android.exoplayer2.source.rtp.format.RtpPayloadFormat.OPUS, com.google.android.exoplayer2.source.rtp.format.RtpPayloadFormat.VP8, com.google.android.exoplayer2.source.rtp.format.RtpPayloadFormat.VP9}" />
    </annotation>
  </item>
  <item name="com.google.android.exoplayer2.source.rtp.format.RtpPayloadFormat.Builder encoding">
    <annotation name="android.support.annotation.StringDef">
      <val name="value" val="{com.google.android.exoplayer2.source.rtp.format.RtpPayloadFormat.AC3, com.google.android.exoplayer2.source.rtp.format.RtpPayloadFormat.AMR, com.google.android.exoplayer2.source.rtp.format.RtpPayloadFormat.G722, com.google.android.exoplayer2.source.rtp.format.RtpPayloadFormat.EAC3, com.google.android.exoplayer2.source.rtp.format.RtpPayloadFormat.GSM, com.google.android.exoplayer2.source.rtp.format.RtpPayloadFormat.H261, com.google.android.exoplayer2.source.rtp.format.RtpPayloadFormat.H263, com.google.android.exoplayer2.source.rtp.format.RtpPayloadFormat.H264, com.google.android.exoplayer2.source.rtp.format.RtpPayloadFormat.H265, com.google.android.exoplayer2.source.rtp.format.RtpPayloadFormat.L16, com.google.android.exoplayer2.source.rtp.format.RtpPayloadFormat.MP2T, com.google.android.exoplayer2.source.rtp.format.RtpPayloadFormat.MP4ALATM, com.google.android.exoplayer2.source.rtp.format.RtpPayloadFormat.MPEG4GENERIC, com.google.android.exoplayer2.source.rtp.format.RtpPayloadFormat.MP4V_ES, com.google.android.exoplayer2.source.rtp.format.RtpPayloadFormat.MPA, com.google.android.exoplayer2.source.rtp.format.RtpPayloadFormat.MPV, com.google.android.exoplayer2.source.rtp.format.RtpPayloadFormat.PCMA, com.google.android.exoplayer2.source.rtp.format.RtpPayloadFormat.PCMU, com.google.android.exoplayer2.source.rtp.format.RtpPayloadFormat.PCMA_WB, com.google.android.exoplayer2.source.rtp.format.RtpPayloadFormat.PCMU_WB, com.google.android.exoplayer2.source.rtp.format.RtpPayloadFormat.OPUS, com.google.android.exoplayer2.source.rtp.format.RtpPayloadFormat.VP8, com.google.android.exoplayer2.source.rtp.format.RtpPayloadFormat.VP9}" />
    </annotation>
  </item>
  <item name="com.google.android.exoplayer2.source.rtp.format.RtpPayloadFormat.Builder type">
    <annotation name="android.support.annotation.IntDef">
      <val name="value" val="{com.google.android.exoplayer2.source.rtp.format.RtpPayloadFormat.AUDIO, com.google.android.exoplayer2.source.rtp.format.RtpPayloadFormat.VIDEO, com.google.android.exoplayer2.source.rtp.format.RtpPayloadFormat.DATA, com.google.android.exoplayer2.source.rtp.format.RtpPayloadFormat.TEXT, com.google.android.exoplayer2.source.rtp.format.RtpPayloadFormat.APPLICATION}" />
    </annotation>
  </item>
  <item name="com.google.android.exoplayer2.source.rtp.format.RtpPayloadFormat.MediaCodec">
    <annotation name="android.support.annotation.StringDef">
      <val name="value" val="{com.google.android.exoplayer2.source.rtp.format.RtpPayloadFormat.AC3, com.google.android.exoplayer2.source.rtp.format.RtpPayloadFormat.AMR, com.google.android.exoplayer2.source.rtp.format.RtpPayloadFormat.G722, com.google.android.exoplayer2.source.rtp.format.RtpPayloadFormat.EAC3, com.google.android.exoplayer2.source.rtp.format.RtpPayloadFormat.GSM, com.google.android.exoplayer2.source.rtp.format.RtpPayloadFormat.H261, com.google.android.exoplayer2.source.rtp.format.RtpPayloadFormat.H263, com.google.android.exoplayer2.source.rtp.format.RtpPayloadFormat.H264, com.google.android.exoplayer2.source.rtp.format.RtpPayloadFormat.H265, com.google.android.exoplayer2.source.rtp.format.RtpPayloadFormat.L16, com.google.android.exoplayer2.source.rtp.format.RtpPayloadFormat.MP2T, com.google.android.exoplayer2.source.rtp.format.RtpPayloadFormat.MP4ALATM, com.google.android.exoplayer2.source.rtp.format.RtpPayloadFormat.MPEG4GENERIC, com.google.android.exoplayer2.source.rtp.format.RtpPayloadFormat.MP4V_ES, com.google.android.exoplayer2.source.rtp.format.RtpPayloadFormat.MPA, com.google.android.exoplayer2.source.rtp.format.RtpPayloadFormat.MPV, com.google.android.exoplayer2.source.rtp.format.RtpPayloadFormat.PCMA, com.google.android.exoplayer2.source.rtp.format.RtpPayloadFormat.PCMU, com.google.android.exoplayer2.source.rtp.format.RtpPayloadFormat.PCMA_WB, com.google.android.exoplayer2.source.rtp.format.RtpPayloadFormat.PCMU_WB, com.google.android.exoplayer2.source.rtp.format.RtpPayloadFormat.OPUS, com.google.android.exoplayer2.source.rtp.format.RtpPayloadFormat.VP8, com.google.android.exoplayer2.source.rtp.format.RtpPayloadFormat.VP9}" />
    </annotation>
  </item>
  <item name="com.google.android.exoplayer2.source.rtp.format.RtpPayloadFormat.MediaType">
    <annotation name="android.support.annotation.IntDef">
      <val name="value" val="{com.google.android.exoplayer2.source.rtp.format.RtpPayloadFormat.AUDIO, com.google.android.exoplayer2.source.rtp.format.RtpPayloadFormat.VIDEO, com.google.android.exoplayer2.source.rtp.format.RtpPayloadFormat.DATA, com.google.android.exoplayer2.source.rtp.format.RtpPayloadFormat.TEXT, com.google.android.exoplayer2.source.rtp.format.RtpPayloadFormat.APPLICATION}" />
    </annotation>
  </item>
</root>

