<?xml version="1.0" encoding="UTF-8"?>
<root>
  <item name="com.google.android.exoplayer2.source.rtp.upstream.RtpDataSource RtpDataSource(int, int) 1">
    <annotation name="android.support.annotation.IntDef">
      <val name="flag" val="true" />
      <val name="value" val="{com.google.android.exoplayer2.source.rtp.upstream.RtpDataSource.FLAG_ENABLE_RTCP_FEEDBACK, com.google.android.exoplayer2.source.rtp.upstream.RtpDataSource.FLAG_FORCE_RTCP_MULTIPLEXING}" />
    </annotation>
  </item>
  <item name="com.google.android.exoplayer2.source.rtp.upstream.RtpDataSource RtpDataSource(int, int, int) 1">
    <annotation name="android.support.annotation.IntDef">
      <val name="flag" val="true" />
      <val name="value" val="{com.google.android.exoplayer2.source.rtp.upstream.RtpDataSource.FLAG_ENABLE_RTCP_FEEDBACK, com.google.android.exoplayer2.source.rtp.upstream.RtpDataSource.FLAG_FORCE_RTCP_MULTIPLEXING}" />
    </annotation>
  </item>
  <item name="com.google.android.exoplayer2.source.rtp.upstream.RtpDataSource boolean isSet(int) 0">
    <annotation name="android.support.annotation.IntDef">
      <val name="flag" val="true" />
      <val name="value" val="{com.google.android.exoplayer2.source.rtp.upstream.RtpDataSource.FLAG_ENABLE_RTCP_FEEDBACK, com.google.android.exoplayer2.source.rtp.upstream.RtpDataSource.FLAG_FORCE_RTCP_MULTIPLEXING}" />
    </annotation>
  </item>
  <item name="com.google.android.exoplayer2.source.rtp.upstream.RtpDataSource flags">
    <annotation name="android.support.annotation.IntDef">
      <val name="flag" val="true" />
      <val name="value" val="{com.google.android.exoplayer2.source.rtp.upstream.RtpDataSource.FLAG_ENABLE_RTCP_FEEDBACK, com.google.android.exoplayer2.source.rtp.upstream.RtpDataSource.FLAG_FORCE_RTCP_MULTIPLEXING}" />
    </annotation>
  </item>
  <item name="com.google.android.exoplayer2.source.rtp.upstream.RtpDataSource.Flags">
    <annotation name="android.support.annotation.IntDef">
      <val name="flag" val="true" />
      <val name="value" val="{com.google.android.exoplayer2.source.rtp.upstream.RtpDataSource.FLAG_ENABLE_RTCP_FEEDBACK, com.google.android.exoplayer2.source.rtp.upstream.RtpDataSource.FLAG_FORCE_RTCP_MULTIPLEXING}" />
    </annotation>
  </item>
</root>

