<?xml version="1.0" encoding="UTF-8"?>
<root>
  <item name="com.google.android.exoplayer2.source.sdp.core.Bandwidth Bandwidth(java.lang.String, int) 0">
    <annotation name="android.support.annotation.StringDef">
      <val name="value" val="{com.google.android.exoplayer2.source.sdp.core.Bandwidth.AS, com.google.android.exoplayer2.source.sdp.core.Bandwidth.RS, com.google.android.exoplayer2.source.sdp.core.Bandwidth.RR, com.google.android.exoplayer2.source.sdp.core.Bandwidth.TIAS}" />
    </annotation>
  </item>
  <item name="com.google.android.exoplayer2.source.sdp.core.Bandwidth bwtype">
    <annotation name="android.support.annotation.StringDef">
      <val name="value" val="{com.google.android.exoplayer2.source.sdp.core.Bandwidth.AS, com.google.android.exoplayer2.source.sdp.core.Bandwidth.RS, com.google.android.exoplayer2.source.sdp.core.Bandwidth.RR, com.google.android.exoplayer2.source.sdp.core.Bandwidth.TIAS}" />
    </annotation>
  </item>
  <item name="com.google.android.exoplayer2.source.sdp.core.Bandwidth java.lang.String bwtype()">
    <annotation name="android.support.annotation.StringDef">
      <val name="value" val="{com.google.android.exoplayer2.source.sdp.core.Bandwidth.AS, com.google.android.exoplayer2.source.sdp.core.Bandwidth.RS, com.google.android.exoplayer2.source.sdp.core.Bandwidth.RR, com.google.android.exoplayer2.source.sdp.core.Bandwidth.TIAS}" />
    </annotation>
  </item>
  <item name="com.google.android.exoplayer2.source.sdp.core.Bandwidth.BwType">
    <annotation name="android.support.annotation.StringDef">
      <val name="value" val="{com.google.android.exoplayer2.source.sdp.core.Bandwidth.AS, com.google.android.exoplayer2.source.sdp.core.Bandwidth.RS, com.google.android.exoplayer2.source.sdp.core.Bandwidth.RR, com.google.android.exoplayer2.source.sdp.core.Bandwidth.TIAS}" />
    </annotation>
  </item>
  <item name="com.google.android.exoplayer2.source.sdp.core.Connection Connection(java.lang.String, java.lang.String) 0">
    <annotation name="android.support.annotation.StringDef">
      <val name="value" val="{com.google.android.exoplayer2.source.sdp.core.Connection.IP4, com.google.android.exoplayer2.source.sdp.core.Connection.IP6}" />
    </annotation>
  </item>
  <item name="com.google.android.exoplayer2.source.sdp.core.Connection Connection(java.lang.String, java.lang.String, java.lang.String) 0">
    <annotation name="android.support.annotation.StringDef">
      <val name="value" val="{com.google.android.exoplayer2.source.sdp.core.Connection.IN}" />
    </annotation>
  </item>
  <item name="com.google.android.exoplayer2.source.sdp.core.Connection Connection(java.lang.String, java.lang.String, java.lang.String) 1">
    <annotation name="android.support.annotation.StringDef">
      <val name="value" val="{com.google.android.exoplayer2.source.sdp.core.Connection.IP4, com.google.android.exoplayer2.source.sdp.core.Connection.IP6}" />
    </annotation>
  </item>
  <item name="com.google.android.exoplayer2.source.sdp.core.Connection addrtype">
    <annotation name="android.support.annotation.StringDef">
      <val name="value" val="{com.google.android.exoplayer2.source.sdp.core.Connection.IP4, com.google.android.exoplayer2.source.sdp.core.Connection.IP6}" />
    </annotation>
  </item>
  <item name="com.google.android.exoplayer2.source.sdp.core.Connection java.lang.String addrtype()">
    <annotation name="android.support.annotation.StringDef">
      <val name="value" val="{com.google.android.exoplayer2.source.sdp.core.Connection.IP4, com.google.android.exoplayer2.source.sdp.core.Connection.IP6}" />
    </annotation>
  </item>
  <item name="com.google.android.exoplayer2.source.sdp.core.Connection java.lang.String nettype()">
    <annotation name="android.support.annotation.StringDef">
      <val name="value" val="{com.google.android.exoplayer2.source.sdp.core.Connection.IN}" />
    </annotation>
  </item>
  <item name="com.google.android.exoplayer2.source.sdp.core.Connection nettype">
    <annotation name="android.support.annotation.StringDef">
      <val name="value" val="{com.google.android.exoplayer2.source.sdp.core.Connection.IN}" />
    </annotation>
  </item>
  <item name="com.google.android.exoplayer2.source.sdp.core.Connection.AddrType">
    <annotation name="android.support.annotation.StringDef">
      <val name="value" val="{com.google.android.exoplayer2.source.sdp.core.Connection.IP4, com.google.android.exoplayer2.source.sdp.core.Connection.IP6}" />
    </annotation>
  </item>
  <item name="com.google.android.exoplayer2.source.sdp.core.Connection.NetType">
    <annotation name="android.support.annotation.StringDef">
      <val name="value" val="{com.google.android.exoplayer2.source.sdp.core.Connection.IN}" />
    </annotation>
  </item>
  <item name="com.google.android.exoplayer2.source.sdp.core.Key Key(java.lang.String) 0">
    <annotation name="android.support.annotation.StringDef">
      <val name="value" val="{com.google.android.exoplayer2.source.sdp.core.Key.base64, com.google.android.exoplayer2.source.sdp.core.Key.clear, com.google.android.exoplayer2.source.sdp.core.Key.prompt, com.google.android.exoplayer2.source.sdp.core.Key.uri}" />
    </annotation>
  </item>
  <item name="com.google.android.exoplayer2.source.sdp.core.Key Key(java.lang.String, java.lang.String) 0">
    <annotation name="android.support.annotation.StringDef">
      <val name="value" val="{com.google.android.exoplayer2.source.sdp.core.Key.base64, com.google.android.exoplayer2.source.sdp.core.Key.clear, com.google.android.exoplayer2.source.sdp.core.Key.prompt, com.google.android.exoplayer2.source.sdp.core.Key.uri}" />
    </annotation>
  </item>
  <item name="com.google.android.exoplayer2.source.sdp.core.Key java.lang.String type()">
    <annotation name="android.support.annotation.StringDef">
      <val name="value" val="{com.google.android.exoplayer2.source.sdp.core.Key.base64, com.google.android.exoplayer2.source.sdp.core.Key.clear, com.google.android.exoplayer2.source.sdp.core.Key.prompt, com.google.android.exoplayer2.source.sdp.core.Key.uri}" />
    </annotation>
  </item>
  <item name="com.google.android.exoplayer2.source.sdp.core.Key type">
    <annotation name="android.support.annotation.StringDef">
      <val name="value" val="{com.google.android.exoplayer2.source.sdp.core.Key.base64, com.google.android.exoplayer2.source.sdp.core.Key.clear, com.google.android.exoplayer2.source.sdp.core.Key.prompt, com.google.android.exoplayer2.source.sdp.core.Key.uri}" />
    </annotation>
  </item>
  <item name="com.google.android.exoplayer2.source.sdp.core.Key.KeyType">
    <annotation name="android.support.annotation.StringDef">
      <val name="value" val="{com.google.android.exoplayer2.source.sdp.core.Key.base64, com.google.android.exoplayer2.source.sdp.core.Key.clear, com.google.android.exoplayer2.source.sdp.core.Key.prompt, com.google.android.exoplayer2.source.sdp.core.Key.uri}" />
    </annotation>
  </item>
  <item name="com.google.android.exoplayer2.source.sdp.core.Media Media(java.lang.String, java.lang.String, java.lang.String, java.lang.String) 0">
    <annotation name="android.support.annotation.StringDef">
      <val name="value" val="{com.google.android.exoplayer2.source.sdp.core.Media.audio, com.google.android.exoplayer2.source.sdp.core.Media.video, com.google.android.exoplayer2.source.sdp.core.Media.text, com.google.android.exoplayer2.source.sdp.core.Media.application, com.google.android.exoplayer2.source.sdp.core.Media.message}" />
    </annotation>
  </item>
  <item name="com.google.android.exoplayer2.source.sdp.core.Media java.lang.String type()">
    <annotation name="android.support.annotation.StringDef">
      <val name="value" val="{com.google.android.exoplayer2.source.sdp.core.Media.audio, com.google.android.exoplayer2.source.sdp.core.Media.video, com.google.android.exoplayer2.source.sdp.core.Media.text, com.google.android.exoplayer2.source.sdp.core.Media.application, com.google.android.exoplayer2.source.sdp.core.Media.message}" />
    </annotation>
  </item>
  <item name="com.google.android.exoplayer2.source.sdp.core.Media type">
    <annotation name="android.support.annotation.StringDef">
      <val name="value" val="{com.google.android.exoplayer2.source.sdp.core.Media.audio, com.google.android.exoplayer2.source.sdp.core.Media.video, com.google.android.exoplayer2.source.sdp.core.Media.text, com.google.android.exoplayer2.source.sdp.core.Media.application, com.google.android.exoplayer2.source.sdp.core.Media.message}" />
    </annotation>
  </item>
  <item name="com.google.android.exoplayer2.source.sdp.core.Media.MediaType">
    <annotation name="android.support.annotation.StringDef">
      <val name="value" val="{com.google.android.exoplayer2.source.sdp.core.Media.audio, com.google.android.exoplayer2.source.sdp.core.Media.video, com.google.android.exoplayer2.source.sdp.core.Media.text, com.google.android.exoplayer2.source.sdp.core.Media.application, com.google.android.exoplayer2.source.sdp.core.Media.message}" />
    </annotation>
  </item>
  <item name="com.google.android.exoplayer2.source.sdp.core.Origin Origin(java.lang.String, java.lang.String, java.lang.String) 1">
    <annotation name="android.support.annotation.StringDef">
      <val name="value" val="{com.google.android.exoplayer2.source.sdp.core.Origin.IP4, com.google.android.exoplayer2.source.sdp.core.Origin.IP6}" />
    </annotation>
  </item>
  <item name="com.google.android.exoplayer2.source.sdp.core.Origin Origin(java.lang.String, java.lang.String, java.lang.String, java.lang.String) 1">
    <annotation name="android.support.annotation.StringDef">
      <val name="value" val="{com.google.android.exoplayer2.source.sdp.core.Origin.IN}" />
    </annotation>
  </item>
  <item name="com.google.android.exoplayer2.source.sdp.core.Origin Origin(java.lang.String, java.lang.String, java.lang.String, java.lang.String) 2">
    <annotation name="android.support.annotation.StringDef">
      <val name="value" val="{com.google.android.exoplayer2.source.sdp.core.Origin.IP4, com.google.android.exoplayer2.source.sdp.core.Origin.IP6}" />
    </annotation>
  </item>
  <item name="com.google.android.exoplayer2.source.sdp.core.Origin Origin(java.lang.String, java.lang.String, java.lang.String, java.lang.String, java.lang.String, java.lang.String) 3">
    <annotation name="android.support.annotation.StringDef">
      <val name="value" val="{com.google.android.exoplayer2.source.sdp.core.Origin.IN}" />
    </annotation>
  </item>
  <item name="com.google.android.exoplayer2.source.sdp.core.Origin Origin(java.lang.String, java.lang.String, java.lang.String, java.lang.String, java.lang.String, java.lang.String) 4">
    <annotation name="android.support.annotation.StringDef">
      <val name="value" val="{com.google.android.exoplayer2.source.sdp.core.Origin.IP4, com.google.android.exoplayer2.source.sdp.core.Origin.IP6}" />
    </annotation>
  </item>
  <item name="com.google.android.exoplayer2.source.sdp.core.Origin addrtype">
    <annotation name="android.support.annotation.StringDef">
      <val name="value" val="{com.google.android.exoplayer2.source.sdp.core.Origin.IP4, com.google.android.exoplayer2.source.sdp.core.Origin.IP6}" />
    </annotation>
  </item>
  <item name="com.google.android.exoplayer2.source.sdp.core.Origin java.lang.String addrtype()">
    <annotation name="android.support.annotation.StringDef">
      <val name="value" val="{com.google.android.exoplayer2.source.sdp.core.Origin.IP4, com.google.android.exoplayer2.source.sdp.core.Origin.IP6}" />
    </annotation>
  </item>
  <item name="com.google.android.exoplayer2.source.sdp.core.Origin java.lang.String nettype()">
    <annotation name="android.support.annotation.StringDef">
      <val name="value" val="{com.google.android.exoplayer2.source.sdp.core.Origin.IN}" />
    </annotation>
  </item>
  <item name="com.google.android.exoplayer2.source.sdp.core.Origin nettype">
    <annotation name="android.support.annotation.StringDef">
      <val name="value" val="{com.google.android.exoplayer2.source.sdp.core.Origin.IN}" />
    </annotation>
  </item>
  <item name="com.google.android.exoplayer2.source.sdp.core.Origin.AddrType">
    <annotation name="android.support.annotation.StringDef">
      <val name="value" val="{com.google.android.exoplayer2.source.sdp.core.Origin.IP4, com.google.android.exoplayer2.source.sdp.core.Origin.IP6}" />
    </annotation>
  </item>
  <item name="com.google.android.exoplayer2.source.sdp.core.Origin.NetType">
    <annotation name="android.support.annotation.StringDef">
      <val name="value" val="{com.google.android.exoplayer2.source.sdp.core.Origin.IN}" />
    </annotation>
  </item>
</root>

