<?xml version="1.0" encoding="UTF-8"?>
<root>
  <item name="com.google.android.exoplayer2.extractor.wav.WavHeader WavHeader(int, int, int, int, int, int) 5">
    <annotation name="android.support.annotation.IntDef">
      <val name="value" val="{com.google.android.exoplayer2.Format.NO_VALUE, com.google.android.exoplayer2.C.ENCODING_INVALID, com.google.android.exoplayer2.C.ENCODING_PCM_8BIT, com.google.android.exoplayer2.C.ENCODING_PCM_16BIT, com.google.android.exoplayer2.C.ENCODING_PCM_24BIT, com.google.android.exoplayer2.C.ENCODING_PCM_32BIT, com.google.android.exoplayer2.C.ENCODING_PCM_FLOAT, com.google.android.exoplayer2.C.ENCODING_PCM_MU_LAW, com.google.android.exoplayer2.C.ENCODING_PCM_A_LAW}" />
    </annotation>
  </item>
  <item name="com.google.android.exoplayer2.extractor.wav.WavHeader encoding">
    <annotation name="android.support.annotation.IntDef">
      <val name="value" val="{com.google.android.exoplayer2.Format.NO_VALUE, com.google.android.exoplayer2.C.ENCODING_INVALID, com.google.android.exoplayer2.C.ENCODING_PCM_8BIT, com.google.android.exoplayer2.C.ENCODING_PCM_16BIT, com.google.android.exoplayer2.C.ENCODING_PCM_24BIT, com.google.android.exoplayer2.C.ENCODING_PCM_32BIT, com.google.android.exoplayer2.C.ENCODING_PCM_FLOAT, com.google.android.exoplayer2.C.ENCODING_PCM_MU_LAW, com.google.android.exoplayer2.C.ENCODING_PCM_A_LAW}" />
    </annotation>
  </item>
  <item name="com.google.android.exoplayer2.extractor.wav.WavHeader int getEncoding()">
    <annotation name="android.support.annotation.IntDef">
      <val name="value" val="{com.google.android.exoplayer2.Format.NO_VALUE, com.google.android.exoplayer2.C.ENCODING_INVALID, com.google.android.exoplayer2.C.ENCODING_PCM_8BIT, com.google.android.exoplayer2.C.ENCODING_PCM_16BIT, com.google.android.exoplayer2.C.ENCODING_PCM_24BIT, com.google.android.exoplayer2.C.ENCODING_PCM_32BIT, com.google.android.exoplayer2.C.ENCODING_PCM_FLOAT, com.google.android.exoplayer2.C.ENCODING_PCM_MU_LAW, com.google.android.exoplayer2.C.ENCODING_PCM_A_LAW}" />
    </annotation>
  </item>
</root>

