<?xml version="1.0" encoding="UTF-8"?>
<root>
  <item name="com.google.android.exoplayer2.mediacodec.MediaCodecRenderer codecAdaptationWorkaroundMode">
    <annotation name="android.support.annotation.IntDef">
      <val name="value" val="{com.google.android.exoplayer2.mediacodec.MediaCodecRenderer.ADAPTATION_WORKAROUND_MODE_NEVER, com.google.android.exoplayer2.mediacodec.MediaCodecRenderer.ADAPTATION_WORKAROUND_MODE_SAME_RESOLUTION, com.google.android.exoplayer2.mediacodec.MediaCodecRenderer.ADAPTATION_WORKAROUND_MODE_ALWAYS}" />
    </annotation>
  </item>
  <item name="com.google.android.exoplayer2.mediacodec.MediaCodecRenderer codecReconfigurationState">
    <annotation name="android.support.annotation.IntDef">
      <val name="value" val="{com.google.android.exoplayer2.mediacodec.MediaCodecRenderer.RECONFIGURATION_STATE_NONE, com.google.android.exoplayer2.mediacodec.MediaCodecRenderer.RECONFIGURATION_STATE_WRITE_PENDING, com.google.android.exoplayer2.mediacodec.MediaCodecRenderer.RECONFIGURATION_STATE_QUEUE_PENDING}" />
    </annotation>
  </item>
  <item name="com.google.android.exoplayer2.mediacodec.MediaCodecRenderer codecReinitializationState">
    <annotation name="android.support.annotation.IntDef">
      <val name="value" val="{com.google.android.exoplayer2.mediacodec.MediaCodecRenderer.REINITIALIZATION_STATE_NONE, com.google.android.exoplayer2.mediacodec.MediaCodecRenderer.REINITIALIZATION_STATE_SIGNAL_END_OF_STREAM, com.google.android.exoplayer2.mediacodec.MediaCodecRenderer.REINITIALIZATION_STATE_WAIT_END_OF_STREAM}" />
    </annotation>
  </item>
  <item name="com.google.android.exoplayer2.mediacodec.MediaCodecRenderer int canKeepCodec(android.media.MediaCodec, com.google.android.exoplayer2.mediacodec.MediaCodecInfo, com.google.android.exoplayer2.Format, com.google.android.exoplayer2.Format)">
    <annotation name="android.support.annotation.IntDef">
      <val name="value" val="{com.google.android.exoplayer2.mediacodec.MediaCodecRenderer.KEEP_CODEC_RESULT_NO, com.google.android.exoplayer2.mediacodec.MediaCodecRenderer.KEEP_CODEC_RESULT_YES_WITH_FLUSH, com.google.android.exoplayer2.mediacodec.MediaCodecRenderer.KEEP_CODEC_RESULT_YES_WITH_RECONFIGURATION, com.google.android.exoplayer2.mediacodec.MediaCodecRenderer.KEEP_CODEC_RESULT_YES_WITHOUT_RECONFIGURATION}" />
    </annotation>
  </item>
  <item name="com.google.android.exoplayer2.mediacodec.MediaCodecRenderer int codecAdaptationWorkaroundMode(java.lang.String)">
    <annotation name="android.support.annotation.IntDef">
      <val name="value" val="{com.google.android.exoplayer2.mediacodec.MediaCodecRenderer.ADAPTATION_WORKAROUND_MODE_NEVER, com.google.android.exoplayer2.mediacodec.MediaCodecRenderer.ADAPTATION_WORKAROUND_MODE_SAME_RESOLUTION, com.google.android.exoplayer2.mediacodec.MediaCodecRenderer.ADAPTATION_WORKAROUND_MODE_ALWAYS}" />
    </annotation>
  </item>
</root>

