<?xml version="1.0" encoding="UTF-8"?>
<root>
  <item name="com.google.android.exoplayer2.source.rtsp.media.MediaFormat int type()">
    <annotation name="android.support.annotation.IntDef">
      <val name="value" val="{com.google.android.exoplayer2.source.rtsp.media.MediaFormat.AUDIO, com.google.android.exoplayer2.source.rtsp.media.MediaFormat.VIDEO, com.google.android.exoplayer2.source.rtsp.media.MediaFormat.DATA, com.google.android.exoplayer2.source.rtsp.media.MediaFormat.TEXT, com.google.android.exoplayer2.source.rtsp.media.MediaFormat.APPLICATION}" />
    </annotation>
  </item>
  <item name="com.google.android.exoplayer2.source.rtsp.media.MediaFormat type">
    <annotation name="android.support.annotation.IntDef">
      <val name="value" val="{com.google.android.exoplayer2.source.rtsp.media.MediaFormat.AUDIO, com.google.android.exoplayer2.source.rtsp.media.MediaFormat.VIDEO, com.google.android.exoplayer2.source.rtsp.media.MediaFormat.DATA, com.google.android.exoplayer2.source.rtsp.media.MediaFormat.TEXT, com.google.android.exoplayer2.source.rtsp.media.MediaFormat.APPLICATION}" />
    </annotation>
  </item>
  <item name="com.google.android.exoplayer2.source.rtsp.media.MediaFormat.Builder Builder(int) 0">
    <annotation name="android.support.annotation.IntDef">
      <val name="value" val="{com.google.android.exoplayer2.source.rtsp.media.MediaFormat.AUDIO, com.google.android.exoplayer2.source.rtsp.media.MediaFormat.VIDEO, com.google.android.exoplayer2.source.rtsp.media.MediaFormat.DATA, com.google.android.exoplayer2.source.rtsp.media.MediaFormat.TEXT, com.google.android.exoplayer2.source.rtsp.media.MediaFormat.APPLICATION}" />
    </annotation>
  </item>
  <item name="com.google.android.exoplayer2.source.rtsp.media.MediaFormat.Builder type">
    <annotation name="android.support.annotation.IntDef">
      <val name="value" val="{com.google.android.exoplayer2.source.rtsp.media.MediaFormat.AUDIO, com.google.android.exoplayer2.source.rtsp.media.MediaFormat.VIDEO, com.google.android.exoplayer2.source.rtsp.media.MediaFormat.DATA, com.google.android.exoplayer2.source.rtsp.media.MediaFormat.TEXT, com.google.android.exoplayer2.source.rtsp.media.MediaFormat.APPLICATION}" />
    </annotation>
  </item>
  <item name="com.google.android.exoplayer2.source.rtsp.media.MediaFormat.MediaType">
    <annotation name="android.support.annotation.IntDef">
      <val name="value" val="{com.google.android.exoplayer2.source.rtsp.media.MediaFormat.AUDIO, com.google.android.exoplayer2.source.rtsp.media.MediaFormat.VIDEO, com.google.android.exoplayer2.source.rtsp.media.MediaFormat.DATA, com.google.android.exoplayer2.source.rtsp.media.MediaFormat.TEXT, com.google.android.exoplayer2.source.rtsp.media.MediaFormat.APPLICATION}" />
    </annotation>
  </item>
  <item name="com.google.android.exoplayer2.source.rtsp.media.MediaSession deliveryMode">
    <annotation name="android.support.annotation.IntDef">
      <val name="flag" val="true" />
      <val name="value" val="{com.google.android.exoplayer2.source.rtsp.media.MediaSession.UNICAST, com.google.android.exoplayer2.source.rtsp.media.MediaSession.MULTICAST, com.google.android.exoplayer2.source.rtsp.media.MediaSession.INTERLEAVED, com.google.android.exoplayer2.source.rtsp.media.MediaSession.HTTP_TUNNELED}" />
    </annotation>
  </item>
  <item name="com.google.android.exoplayer2.source.rtsp.media.MediaSession int getState()">
    <annotation name="android.support.annotation.IntDef">
      <val name="flag" val="true" />
      <val name="value" val="{com.google.android.exoplayer2.source.rtsp.media.MediaSession.IDLE, com.google.android.exoplayer2.source.rtsp.media.MediaSession.PREPARING, com.google.android.exoplayer2.source.rtsp.media.MediaSession.PREPARED, com.google.android.exoplayer2.source.rtsp.media.MediaSession.PLAYING, com.google.android.exoplayer2.source.rtsp.media.MediaSession.PAUSED, com.google.android.exoplayer2.source.rtsp.media.MediaSession.STOPPED}" />
    </annotation>
  </item>
  <item name="com.google.android.exoplayer2.source.rtsp.media.MediaSession state">
    <annotation name="android.support.annotation.IntDef">
      <val name="flag" val="true" />
      <val name="value" val="{com.google.android.exoplayer2.source.rtsp.media.MediaSession.IDLE, com.google.android.exoplayer2.source.rtsp.media.MediaSession.PREPARING, com.google.android.exoplayer2.source.rtsp.media.MediaSession.PREPARED, com.google.android.exoplayer2.source.rtsp.media.MediaSession.PLAYING, com.google.android.exoplayer2.source.rtsp.media.MediaSession.PAUSED, com.google.android.exoplayer2.source.rtsp.media.MediaSession.STOPPED}" />
    </annotation>
  </item>
  <item name="com.google.android.exoplayer2.source.rtsp.media.MediaSession.DeliveryMode">
    <annotation name="android.support.annotation.IntDef">
      <val name="flag" val="true" />
      <val name="value" val="{com.google.android.exoplayer2.source.rtsp.media.MediaSession.UNICAST, com.google.android.exoplayer2.source.rtsp.media.MediaSession.MULTICAST, com.google.android.exoplayer2.source.rtsp.media.MediaSession.INTERLEAVED, com.google.android.exoplayer2.source.rtsp.media.MediaSession.HTTP_TUNNELED}" />
    </annotation>
  </item>
  <item name="com.google.android.exoplayer2.source.rtsp.media.MediaSession.SessionState">
    <annotation name="android.support.annotation.IntDef">
      <val name="flag" val="true" />
      <val name="value" val="{com.google.android.exoplayer2.source.rtsp.media.MediaSession.IDLE, com.google.android.exoplayer2.source.rtsp.media.MediaSession.PREPARING, com.google.android.exoplayer2.source.rtsp.media.MediaSession.PREPARED, com.google.android.exoplayer2.source.rtsp.media.MediaSession.PLAYING, com.google.android.exoplayer2.source.rtsp.media.MediaSession.PAUSED, com.google.android.exoplayer2.source.rtsp.media.MediaSession.STOPPED}" />
    </annotation>
  </item>
</root>

