<?xml version="1.0" encoding="UTF-8"?>
<root>
  <item name="com.google.android.exoplayer2.source.rtsp.RtspMediaPeriod void onMediaStreamPlaybackFailure(com.google.android.exoplayer2.source.rtsp.RtspSampleStreamWrapper, int) 1">
    <annotation name="android.support.annotation.IntDef">
      <val name="value" val="{com.google.android.exoplayer2.source.rtsp.RtspSampleStreamWrapper.DEFAULT_ERROR, com.google.android.exoplayer2.source.rtsp.RtspSampleStreamWrapper.NO_DATA_RECEIVED}" />
    </annotation>
  </item>
  <item name="com.google.android.exoplayer2.source.rtsp.RtspSampleStreamWrapper.EventListener void onMediaStreamPlaybackFailure(com.google.android.exoplayer2.source.rtsp.RtspSampleStreamWrapper, int) 1">
    <annotation name="android.support.annotation.IntDef">
      <val name="value" val="{com.google.android.exoplayer2.source.rtsp.RtspSampleStreamWrapper.DEFAULT_ERROR, com.google.android.exoplayer2.source.rtsp.RtspSampleStreamWrapper.NO_DATA_RECEIVED}" />
    </annotation>
  </item>
  <item name="com.google.android.exoplayer2.source.rtsp.RtspSampleStreamWrapper.PlaybackError">
    <annotation name="android.support.annotation.IntDef">
      <val name="value" val="{com.google.android.exoplayer2.source.rtsp.RtspSampleStreamWrapper.DEFAULT_ERROR, com.google.android.exoplayer2.source.rtsp.RtspSampleStreamWrapper.NO_DATA_RECEIVED}" />
    </annotation>
  </item>
</root>

