<?xml version="1.0" encoding="UTF-8"?>
<root>
  <item name="com.google.android.exoplayer2.source.rtp.extractor.RtpG711PayloadReader version">
    <annotation name="android.support.annotation.IntDef">
      <val name="flag" val="true" />
      <val name="value" val="{com.google.android.exoplayer2.source.rtp.extractor.RtpG711PayloadReader.G711_VERSION_0, com.google.android.exoplayer2.source.rtp.extractor.RtpG711PayloadReader.G711_VERSION_1}" />
    </annotation>
  </item>
  <item name="com.google.android.exoplayer2.source.rtp.extractor.RtpG711PayloadReader.Version">
    <annotation name="android.support.annotation.IntDef">
      <val name="flag" val="true" />
      <val name="value" val="{com.google.android.exoplayer2.source.rtp.extractor.RtpG711PayloadReader.G711_VERSION_0, com.google.android.exoplayer2.source.rtp.extractor.RtpG711PayloadReader.G711_VERSION_1}" />
    </annotation>
  </item>
</root>

