<?xml version="1.0" encoding="UTF-8"?>
<root>
  <item name="com.google.android.exoplayer2.scheduler.Requirements Requirements(int, boolean, boolean) 0">
    <annotation name="android.support.annotation.IntDef">
      <val name="value" val="{com.google.android.exoplayer2.scheduler.Requirements.NETWORK_TYPE_NONE, com.google.android.exoplayer2.scheduler.Requirements.NETWORK_TYPE_ANY, com.google.android.exoplayer2.scheduler.Requirements.NETWORK_TYPE_UNMETERED, com.google.android.exoplayer2.scheduler.Requirements.NETWORK_TYPE_NOT_ROAMING, com.google.android.exoplayer2.scheduler.Requirements.NETWORK_TYPE_METERED}" />
    </annotation>
  </item>
  <item name="com.google.android.exoplayer2.scheduler.Requirements.NetworkType">
    <annotation name="android.support.annotation.IntDef">
      <val name="value" val="{com.google.android.exoplayer2.scheduler.Requirements.NETWORK_TYPE_NONE, com.google.android.exoplayer2.scheduler.Requirements.NETWORK_TYPE_ANY, com.google.android.exoplayer2.scheduler.Requirements.NETWORK_TYPE_UNMETERED, com.google.android.exoplayer2.scheduler.Requirements.NETWORK_TYPE_NOT_ROAMING, com.google.android.exoplayer2.scheduler.Requirements.NETWORK_TYPE_METERED}" />
    </annotation>
  </item>
</root>

