<?xml version="1.0" encoding="UTF-8"?>
<root>
  <item name="com.google.android.exoplayer2.source.rtsp.message.Message Message(int) 0">
    <annotation name="android.support.annotation.IntDef">
      <val name="value" val="{com.google.android.exoplayer2.source.rtsp.message.Message.NONE, com.google.android.exoplayer2.source.rtsp.message.Message.REQUEST, com.google.android.exoplayer2.source.rtsp.message.Message.RESPONSE}" />
    </annotation>
  </item>
  <item name="com.google.android.exoplayer2.source.rtsp.message.Message int getType()">
    <annotation name="android.support.annotation.IntDef">
      <val name="value" val="{com.google.android.exoplayer2.source.rtsp.message.Message.NONE, com.google.android.exoplayer2.source.rtsp.message.Message.REQUEST, com.google.android.exoplayer2.source.rtsp.message.Message.RESPONSE}" />
    </annotation>
  </item>
  <item name="com.google.android.exoplayer2.source.rtsp.message.Message type">
    <annotation name="android.support.annotation.IntDef">
      <val name="value" val="{com.google.android.exoplayer2.source.rtsp.message.Message.NONE, com.google.android.exoplayer2.source.rtsp.message.Message.REQUEST, com.google.android.exoplayer2.source.rtsp.message.Message.RESPONSE}" />
    </annotation>
  </item>
  <item name="com.google.android.exoplayer2.source.rtsp.message.Message.MessageType">
    <annotation name="android.support.annotation.IntDef">
      <val name="value" val="{com.google.android.exoplayer2.source.rtsp.message.Message.NONE, com.google.android.exoplayer2.source.rtsp.message.Message.REQUEST, com.google.android.exoplayer2.source.rtsp.message.Message.RESPONSE}" />
    </annotation>
  </item>
  <item name="com.google.android.exoplayer2.source.rtsp.message.Transport Transport(java.lang.String, java.lang.String, java.lang.String, int[]) 0">
    <annotation name="android.support.annotation.StringDef">
      <val name="value" val="{com.google.android.exoplayer2.source.rtsp.message.Transport.RTP_PROTOCOL, com.google.android.exoplayer2.source.rtsp.message.Transport.MP2T_PROTOCOL, com.google.android.exoplayer2.source.rtsp.message.Transport.RAW_PROTOCOL}" />
    </annotation>
  </item>
  <item name="com.google.android.exoplayer2.source.rtsp.message.Transport Transport(java.lang.String, java.lang.String, java.lang.String, int[]) 1">
    <annotation name="android.support.annotation.StringDef">
      <val name="value" val="{com.google.android.exoplayer2.source.rtsp.message.Transport.AVP_PROFILE, com.google.android.exoplayer2.source.rtsp.message.Transport.H2221_PROFILE, com.google.android.exoplayer2.source.rtsp.message.Transport.RAW_PROFILE}" />
    </annotation>
  </item>
  <item name="com.google.android.exoplayer2.source.rtsp.message.Transport Transport(java.lang.String, java.lang.String, java.lang.String, int[]) 2">
    <annotation name="android.support.annotation.StringDef">
      <val name="value" val="{com.google.android.exoplayer2.source.rtsp.message.Transport.TCP, com.google.android.exoplayer2.source.rtsp.message.Transport.UDP}" />
    </annotation>
  </item>
  <item name="com.google.android.exoplayer2.source.rtsp.message.Transport Transport(java.lang.String, java.lang.String, java.lang.String, java.lang.String[], java.lang.String[], java.lang.String, java.lang.String, java.lang.String) 0">
    <annotation name="android.support.annotation.StringDef">
      <val name="value" val="{com.google.android.exoplayer2.source.rtsp.message.Transport.RTP_PROTOCOL, com.google.android.exoplayer2.source.rtsp.message.Transport.MP2T_PROTOCOL, com.google.android.exoplayer2.source.rtsp.message.Transport.RAW_PROTOCOL}" />
    </annotation>
  </item>
  <item name="com.google.android.exoplayer2.source.rtsp.message.Transport Transport(java.lang.String, java.lang.String, java.lang.String, java.lang.String[], java.lang.String[], java.lang.String, java.lang.String, java.lang.String) 1">
    <annotation name="android.support.annotation.StringDef">
      <val name="value" val="{com.google.android.exoplayer2.source.rtsp.message.Transport.AVP_PROFILE, com.google.android.exoplayer2.source.rtsp.message.Transport.H2221_PROFILE, com.google.android.exoplayer2.source.rtsp.message.Transport.RAW_PROFILE}" />
    </annotation>
  </item>
  <item name="com.google.android.exoplayer2.source.rtsp.message.Transport Transport(java.lang.String, java.lang.String, java.lang.String, java.lang.String[], java.lang.String[], java.lang.String, java.lang.String, java.lang.String) 2">
    <annotation name="android.support.annotation.StringDef">
      <val name="value" val="{com.google.android.exoplayer2.source.rtsp.message.Transport.TCP, com.google.android.exoplayer2.source.rtsp.message.Transport.UDP}" />
    </annotation>
  </item>
  <item name="com.google.android.exoplayer2.source.rtsp.message.Transport deliveryType">
    <annotation name="android.support.annotation.StringDef">
      <val name="value" val="{com.google.android.exoplayer2.source.rtsp.message.Transport.unicast, com.google.android.exoplayer2.source.rtsp.message.Transport.multicast}" />
    </annotation>
  </item>
  <item name="com.google.android.exoplayer2.source.rtsp.message.Transport lowerTransport">
    <annotation name="android.support.annotation.StringDef">
      <val name="value" val="{com.google.android.exoplayer2.source.rtsp.message.Transport.TCP, com.google.android.exoplayer2.source.rtsp.message.Transport.UDP}" />
    </annotation>
  </item>
  <item name="com.google.android.exoplayer2.source.rtsp.message.Transport profile">
    <annotation name="android.support.annotation.StringDef">
      <val name="value" val="{com.google.android.exoplayer2.source.rtsp.message.Transport.AVP_PROFILE, com.google.android.exoplayer2.source.rtsp.message.Transport.H2221_PROFILE, com.google.android.exoplayer2.source.rtsp.message.Transport.RAW_PROFILE}" />
    </annotation>
  </item>
  <item name="com.google.android.exoplayer2.source.rtsp.message.Transport transportProtocol">
    <annotation name="android.support.annotation.StringDef">
      <val name="value" val="{com.google.android.exoplayer2.source.rtsp.message.Transport.RTP_PROTOCOL, com.google.android.exoplayer2.source.rtsp.message.Transport.MP2T_PROTOCOL, com.google.android.exoplayer2.source.rtsp.message.Transport.RAW_PROTOCOL}" />
    </annotation>
  </item>
  <item name="com.google.android.exoplayer2.source.rtsp.message.Transport.DeliveryType">
    <annotation name="android.support.annotation.StringDef">
      <val name="value" val="{com.google.android.exoplayer2.source.rtsp.message.Transport.unicast, com.google.android.exoplayer2.source.rtsp.message.Transport.multicast}" />
    </annotation>
  </item>
  <item name="com.google.android.exoplayer2.source.rtsp.message.Transport.LowerTransport">
    <annotation name="android.support.annotation.StringDef">
      <val name="value" val="{com.google.android.exoplayer2.source.rtsp.message.Transport.TCP, com.google.android.exoplayer2.source.rtsp.message.Transport.UDP}" />
    </annotation>
  </item>
  <item name="com.google.android.exoplayer2.source.rtsp.message.Transport.Profile">
    <annotation name="android.support.annotation.StringDef">
      <val name="value" val="{com.google.android.exoplayer2.source.rtsp.message.Transport.AVP_PROFILE, com.google.android.exoplayer2.source.rtsp.message.Transport.H2221_PROFILE, com.google.android.exoplayer2.source.rtsp.message.Transport.RAW_PROFILE}" />
    </annotation>
  </item>
  <item name="com.google.android.exoplayer2.source.rtsp.message.Transport.TransportProtocol">
    <annotation name="android.support.annotation.StringDef">
      <val name="value" val="{com.google.android.exoplayer2.source.rtsp.message.Transport.RTP_PROTOCOL, com.google.android.exoplayer2.source.rtsp.message.Transport.MP2T_PROTOCOL, com.google.android.exoplayer2.source.rtsp.message.Transport.RAW_PROTOCOL}" />
    </annotation>
  </item>
</root>

