<?xml version="1.0" encoding="UTF-8"?>
<root>
  <item name="com.google.android.exoplayer2.source.rtsp.core.Client boolean isFlagSet(int) 0">
    <annotation name="android.support.annotation.IntDef">
      <val name="flag" val="true" />
      <val name="value" val="{com.google.android.exoplayer2.source.rtsp.core.Client.FLAG_ENABLE_RTCP_SUPPORT, com.google.android.exoplayer2.source.rtsp.core.Client.FLAG_FORCE_RTCP_MUXED}" />
    </annotation>
  </item>
  <item name="com.google.android.exoplayer2.source.rtsp.core.Client boolean isNatSet(int) 0">
    <annotation name="android.support.annotation.IntDef">
      <val name="value" val="{com.google.android.exoplayer2.source.rtsp.core.Client.RTSP_NAT_NONE, com.google.android.exoplayer2.source.rtsp.core.Client.RTSP_NAT_DUMMY}" />
    </annotation>
  </item>
  <item name="com.google.android.exoplayer2.source.rtsp.core.Client flags">
    <annotation name="android.support.annotation.IntDef">
      <val name="flag" val="true" />
      <val name="value" val="{com.google.android.exoplayer2.source.rtsp.core.Client.FLAG_ENABLE_RTCP_SUPPORT, com.google.android.exoplayer2.source.rtsp.core.Client.FLAG_FORCE_RTCP_MUXED}" />
    </annotation>
  </item>
  <item name="com.google.android.exoplayer2.source.rtsp.core.Client int state()">
    <annotation name="android.support.annotation.IntDef">
      <val name="flag" val="true" />
      <val name="value" val="{com.google.android.exoplayer2.source.rtsp.core.Client.IDLE, com.google.android.exoplayer2.source.rtsp.core.Client.INIT, com.google.android.exoplayer2.source.rtsp.core.Client.READY, com.google.android.exoplayer2.source.rtsp.core.Client.PLAYING, com.google.android.exoplayer2.source.rtsp.core.Client.RECORDING}" />
    </annotation>
  </item>
  <item name="com.google.android.exoplayer2.source.rtsp.core.Client mode">
    <annotation name="android.support.annotation.IntDef">
      <val name="value" val="{com.google.android.exoplayer2.source.rtsp.core.Client.RTSP_AUTO_DETECT, com.google.android.exoplayer2.source.rtsp.core.Client.RTSP_INTERLEAVED}" />
    </annotation>
  </item>
  <item name="com.google.android.exoplayer2.source.rtsp.core.Client natMethod">
    <annotation name="android.support.annotation.IntDef">
      <val name="value" val="{com.google.android.exoplayer2.source.rtsp.core.Client.RTSP_NAT_NONE, com.google.android.exoplayer2.source.rtsp.core.Client.RTSP_NAT_DUMMY}" />
    </annotation>
  </item>
  <item name="com.google.android.exoplayer2.source.rtsp.core.Client state">
    <annotation name="android.support.annotation.IntDef">
      <val name="flag" val="true" />
      <val name="value" val="{com.google.android.exoplayer2.source.rtsp.core.Client.IDLE, com.google.android.exoplayer2.source.rtsp.core.Client.INIT, com.google.android.exoplayer2.source.rtsp.core.Client.READY, com.google.android.exoplayer2.source.rtsp.core.Client.PLAYING, com.google.android.exoplayer2.source.rtsp.core.Client.RECORDING}" />
    </annotation>
  </item>
  <item name="com.google.android.exoplayer2.source.rtsp.core.Client.Builder com.google.android.exoplayer2.source.rtsp.core.Client.Builder setFlags(int) 0">
    <annotation name="android.support.annotation.IntDef">
      <val name="flag" val="true" />
      <val name="value" val="{com.google.android.exoplayer2.source.rtsp.core.Client.FLAG_ENABLE_RTCP_SUPPORT, com.google.android.exoplayer2.source.rtsp.core.Client.FLAG_FORCE_RTCP_MUXED}" />
    </annotation>
  </item>
  <item name="com.google.android.exoplayer2.source.rtsp.core.Client.Builder com.google.android.exoplayer2.source.rtsp.core.Client.Builder setMode(int) 0">
    <annotation name="android.support.annotation.IntDef">
      <val name="value" val="{com.google.android.exoplayer2.source.rtsp.core.Client.RTSP_AUTO_DETECT, com.google.android.exoplayer2.source.rtsp.core.Client.RTSP_INTERLEAVED}" />
    </annotation>
  </item>
  <item name="com.google.android.exoplayer2.source.rtsp.core.Client.Builder com.google.android.exoplayer2.source.rtsp.core.Client.Builder setNatMethod(int) 0">
    <annotation name="android.support.annotation.IntDef">
      <val name="value" val="{com.google.android.exoplayer2.source.rtsp.core.Client.RTSP_NAT_NONE, com.google.android.exoplayer2.source.rtsp.core.Client.RTSP_NAT_DUMMY}" />
    </annotation>
  </item>
  <item name="com.google.android.exoplayer2.source.rtsp.core.Client.Builder flags">
    <annotation name="android.support.annotation.IntDef">
      <val name="flag" val="true" />
      <val name="value" val="{com.google.android.exoplayer2.source.rtsp.core.Client.FLAG_ENABLE_RTCP_SUPPORT, com.google.android.exoplayer2.source.rtsp.core.Client.FLAG_FORCE_RTCP_MUXED}" />
    </annotation>
  </item>
  <item name="com.google.android.exoplayer2.source.rtsp.core.Client.Builder mode">
    <annotation name="android.support.annotation.IntDef">
      <val name="value" val="{com.google.android.exoplayer2.source.rtsp.core.Client.RTSP_AUTO_DETECT, com.google.android.exoplayer2.source.rtsp.core.Client.RTSP_INTERLEAVED}" />
    </annotation>
  </item>
  <item name="com.google.android.exoplayer2.source.rtsp.core.Client.Builder natMethod">
    <annotation name="android.support.annotation.IntDef">
      <val name="value" val="{com.google.android.exoplayer2.source.rtsp.core.Client.RTSP_NAT_NONE, com.google.android.exoplayer2.source.rtsp.core.Client.RTSP_NAT_DUMMY}" />
    </annotation>
  </item>
  <item name="com.google.android.exoplayer2.source.rtsp.core.Client.Factory com.google.android.exoplayer2.source.rtsp.core.Client.Factory&lt;T&gt; setFlags(int) 0">
    <annotation name="android.support.annotation.IntDef">
      <val name="flag" val="true" />
      <val name="value" val="{com.google.android.exoplayer2.source.rtsp.core.Client.FLAG_ENABLE_RTCP_SUPPORT, com.google.android.exoplayer2.source.rtsp.core.Client.FLAG_FORCE_RTCP_MUXED}" />
    </annotation>
  </item>
  <item name="com.google.android.exoplayer2.source.rtsp.core.Client.Factory com.google.android.exoplayer2.source.rtsp.core.Client.Factory&lt;T&gt; setMode(int) 0">
    <annotation name="android.support.annotation.IntDef">
      <val name="value" val="{com.google.android.exoplayer2.source.rtsp.core.Client.RTSP_AUTO_DETECT, com.google.android.exoplayer2.source.rtsp.core.Client.RTSP_INTERLEAVED}" />
    </annotation>
  </item>
  <item name="com.google.android.exoplayer2.source.rtsp.core.Client.Factory com.google.android.exoplayer2.source.rtsp.core.Client.Factory&lt;T&gt; setNatMethod(int) 0">
    <annotation name="android.support.annotation.IntDef">
      <val name="value" val="{com.google.android.exoplayer2.source.rtsp.core.Client.RTSP_NAT_NONE, com.google.android.exoplayer2.source.rtsp.core.Client.RTSP_NAT_DUMMY}" />
    </annotation>
  </item>
  <item name="com.google.android.exoplayer2.source.rtsp.core.Client.Flags">
    <annotation name="android.support.annotation.IntDef">
      <val name="flag" val="true" />
      <val name="value" val="{com.google.android.exoplayer2.source.rtsp.core.Client.FLAG_ENABLE_RTCP_SUPPORT, com.google.android.exoplayer2.source.rtsp.core.Client.FLAG_FORCE_RTCP_MUXED}" />
    </annotation>
  </item>
  <item name="com.google.android.exoplayer2.source.rtsp.core.Client.Mode">
    <annotation name="android.support.annotation.IntDef">
      <val name="value" val="{com.google.android.exoplayer2.source.rtsp.core.Client.RTSP_AUTO_DETECT, com.google.android.exoplayer2.source.rtsp.core.Client.RTSP_INTERLEAVED}" />
    </annotation>
  </item>
  <item name="com.google.android.exoplayer2.source.rtsp.core.Client.NatMethod">
    <annotation name="android.support.annotation.IntDef">
      <val name="value" val="{com.google.android.exoplayer2.source.rtsp.core.Client.RTSP_NAT_NONE, com.google.android.exoplayer2.source.rtsp.core.Client.RTSP_NAT_DUMMY}" />
    </annotation>
  </item>
  <item name="com.google.android.exoplayer2.source.rtsp.core.Dispatcher void onReceiveFailure(int) 0">
    <annotation name="android.support.annotation.IntDef">
      <val name="flag" val="true" />
      <val name="value" val="{com.google.android.exoplayer2.source.rtsp.core.Receiver.IO_ERROR, com.google.android.exoplayer2.source.rtsp.core.Receiver.PARSE_ERROR}" />
    </annotation>
  </item>
  <item name="com.google.android.exoplayer2.source.rtsp.core.Receiver state">
    <annotation name="android.support.annotation.IntDef">
      <val name="flag" val="true" />
      <val name="value" val="{com.google.android.exoplayer2.source.rtsp.core.Receiver.PARSING_START_LINE, com.google.android.exoplayer2.source.rtsp.core.Receiver.PARSING_HEADER_LINE, com.google.android.exoplayer2.source.rtsp.core.Receiver.PARSING_BODY_LINE}" />
    </annotation>
  </item>
  <item name="com.google.android.exoplayer2.source.rtsp.core.Receiver.ErrorCode">
    <annotation name="android.support.annotation.IntDef">
      <val name="flag" val="true" />
      <val name="value" val="{com.google.android.exoplayer2.source.rtsp.core.Receiver.IO_ERROR, com.google.android.exoplayer2.source.rtsp.core.Receiver.PARSE_ERROR}" />
    </annotation>
  </item>
  <item name="com.google.android.exoplayer2.source.rtsp.core.Receiver.EventListener void onReceiveFailure(int) 0">
    <annotation name="android.support.annotation.IntDef">
      <val name="flag" val="true" />
      <val name="value" val="{com.google.android.exoplayer2.source.rtsp.core.Receiver.IO_ERROR, com.google.android.exoplayer2.source.rtsp.core.Receiver.PARSE_ERROR}" />
    </annotation>
  </item>
</root>

